Designator,Val,Package,Mid X,Mid Y,Rotation,Layer
"C1","1u","C_0603_1608Metric",143.250000,-99.250000,90.000000,top
"C2","0.1uF","C_0603_1608Metric",145.250000,-99.250000,-90.000000,top
"D1","6v","D_SOD-123F",142.450000,-103.400000,0.000000,top
"J1","Conn_01x05","Molex_KK-254_1x05_P2.54mm_Horizontal",144.080000,-87.000000,-142.000000,top
"U1","MT6701","SO-8_3.9x4.9mm_P1.27mm",150.000000,-100.000000,0.000000,top
"U2","love","love_small",149.746259,-95.471600,0.000000,top
